a,b,chi2_red,beta_c_inf
0.8837793687184973,-1.5733407978102518,0.37418690216354505,0.8837793687184973
