L,q,Beta,energy,specific_heat,mean_magnetization,susceptibility
8,2,0.3525494348078172,-76.246,0.06975738001360941,36.949,0.07335451470508561
