L,q,Beta,energy,specific_heat,mean_magnetization,susceptibility
8,2,0.8813735870195429,-109.18,1.304177814878609,54.762,0.8333023147806644
