L,q,Beta,energy,specific_heat,mean_cluster_size
8,2,0.26441207610586287,-72.176,0.02705773831830312,1.798
