L,q,Beta,energy,specific_heat,mean_cluster_size
8,2,0.61696151091368,-88.926,0.34839714986911063,8.5
