L,q,Beta,energy,specific_heat,mean_cluster_size
8,2,0.44068679350977147,-79.142,0.11194646055691784,3.307
