L,q,Beta,energy,specific_heat,mean_cluster_size
8,2,0.3525494348078172,-75.628,0.07951060392970019,2.338
