L,q,Beta,energy,specific_heat,mean_cluster_size
8,2,0.5288241522117257,-82.586,0.21070519122312034,4.976
