L,q,Beta,energy,specific_heat,mean_magnetization,susceptibility
8,2,0.44068679350977147,-79.51,0.13194975430907488,37.991,0.12963710259028488
