L,q,Beta,energy,specific_heat,mean_magnetization,susceptibility
16,2,0.7050988696156344,-367.076,0.47176674067248053,152.214,0.826343385555673
