L,q,Beta,energy,specific_heat,mean_cluster_size
16,2,0.5288241522117257,-332.812,0.1212355217727428,4.593
