L,q,Beta,energy,specific_heat,mean_cluster_size
16,2,0.7050988696156344,-370.774,0.41846663698265896,15.767
