L,q,Beta,energy,specific_heat,mean_cluster_size
16,2,0.61696151091368,-349.836,0.31151508147094403,8.247
