L,q,Beta,energy,specific_heat,mean_cluster_size
16,2,0.1762747174039086,-276.518,0.014701267816544178,1.516
