L,q,Beta,energy,specific_heat,mean_cluster_size
16,2,0.0881373587019543,-267.8,0.0019493311816129793,1.216
