L,q,Beta,energy,specific_heat,mean_magnetization,susceptibility
16,2,0.61696151091368,-350.792,0.3283222357958716,146.551,0.4264346359111103
