L,q,Beta,energy,specific_heat,mean_magnetization,susceptibility
16,2,0.0881373587019543,-267.59,0.003614027845533185,135.073,0.009641287483978085
