L,q,Beta,energy,specific_heat,mean_magnetization,susceptibility
16,2,0.26441207610586287,-291.358,0.03652770268703822,136.457,0.041335200046798005
