L,q,Beta,energy,specific_heat,mean_magnetization,susceptibility
16,2,0.1762747174039086,-279.584,0.01729721229985069,135.673,0.021783747950369102
