L,q,Beta,energy,specific_heat,mean_magnetization,susceptibility
16,2,0.8813735870195429,-440.434,1.5943236355964256,217.593,2.2350028104454
