L,q,Beta,energy,specific_heat,mean_cluster_size
16,2,0.8813735870195429,-444.776,1.4117170027080752,147.619
