L,q,Beta,energy,specific_heat,mean_magnetization,susceptibility
16,2,0.44068679350977147,-316.842,0.11575749708495338,139.615,0.12971473748755077
