L,q,Beta,energy,specific_heat,mean_cluster_size
16,2,0.7932362283175887,-398.35,1.2110233772522996,46.612
