L,q,Beta,energy,specific_heat,mean_cluster_size
32,2,0.0881373587019543,-1066.32,0.0016693242013604429,1.189
