L,q,Beta,energy,specific_heat,mean_magnetization,susceptibility
32,2,0.7932362283175887,-1577.552,0.8776240898233787,607.929,2.654563457014906
