L,q,Beta,energy,specific_heat,mean_magnetization,susceptibility
32,2,0.8813735870195429,-1718.372,3.0108166696285226,704.357,17.99219820427333
