L,q,Beta,energy,specific_heat,mean_magnetization,susceptibility
32,2,0.1762747174039086,-1116.606,0.015100057158836016,527.934,0.024975518452597694
