L,q,Beta,energy,specific_heat,mean_magnetization,susceptibility
32,2,0.7050988696156344,-1480.788,0.43429402152782687,569.839,1.1115932423580965
