L,q,Beta,energy,specific_heat,mean_cluster_size
32,2,0.7050988696156344,-1465.034,0.6843462572798176,15.501
