L,q,Beta,energy,specific_heat,mean_magnetization,susceptibility
32,2,0.5288241522117257,-1330.384,0.1961245921045539,540.933,0.2472431136690603
