L,q,Beta,energy,specific_heat,mean_cluster_size
32,2,0.1762747174039086,-1070.32,0.017515626726430387,1.477
