L,q,Beta,energy,specific_heat,mean_cluster_size
32,2,0.26441207610586287,-1163.918,0.019497009931656237,1.85
