L,q,Beta,energy,specific_heat,mean_cluster_size
32,2,0.5288241522117257,-1336.198,0.11738211969936531,5.146
