L,q,Beta,energy,specific_heat,mean_magnetization,susceptibility
32,2,0.61696151091368,-1399.736,0.3622436983506691,552.708,0.5456655447527806
