L,q,Beta,energy,specific_heat,mean_magnetization,susceptibility
16,2,0.7932362283175887,-394.252,0.7247096316231175,165.652,2.0392395989063874
