L,q,Beta,energy,specific_heat,mean_magnetization,susceptibility
16,2,0.3525494348078172,-303.832,0.07410651994683856,138.245,0.08318923786991897
