L,q,Beta,energy,specific_heat,mean_cluster_size
16,2,0.3525494348078172,-305.5,0.08123880181684247,2.366
