L,q,Beta,energy,specific_heat,mean_cluster_size
16,2,0.26441207610586287,-291.884,0.038975423353051736,1.861
