L,q,Beta,energy,specific_heat,mean_cluster_size
16,2,0.44068679350977147,-321.876,0.14745657461859388,3.448
