L,q,Beta,energy,specific_heat,mean_magnetization,susceptibility
16,2,0.5288241522117257,-331.898,0.19891509003557223,141.184,0.19535537588023247
