beta,L,mean_energy,std_energy
0.375,16,-268.37333333333333,37.63054602604602
0.44068679350977147,16,-382.592,40.096234336971555
0.475,16,-426.888,32.2142716125998
