L,q,Beta,energy,specific_heat,mean_magnetization,susceptibility
8,2,0.0881373587019543,-66.522,0.003989394383622136,35.368,0.009409456277661963
