L,q,Beta,energy,specific_heat,mean_cluster_size
8,2,0.8813735870195429,-111.564,1.1218474262515372,41.203
