L,q,Beta,energy,specific_heat,mean_cluster_size
8,2,0.0881373587019543,-66.264,0.005240897531530305,1.185
