L,q,Beta,energy,specific_heat,mean_magnetization,susceptibility
8,2,0.61696151091368,-87.398,0.32493459776318007,40.808,0.3807147633949919
