L,q,Beta,energy,specific_heat,mean_magnetization,susceptibility
8,2,0.7932362283175887,-102.76,0.9778765737960853,51.6,0.7141852804393121
