L,q,Beta,energy,specific_heat,mean_cluster_size
8,2,0.7932362283175887,-102.588,1.135181086521629,26.935
