L,q,Beta,energy,specific_heat,mean_magnetization,susceptibility
8,2,0.26441207610586287,-72.744,0.03825861956345962,36.259,0.040677810686876974
