L,q,Beta,energy,specific_heat,mean_cluster_size
8,2,0.7050988696156344,-94.334,0.6687828068363231,14.401
