L,q,Beta,energy,specific_heat,mean_magnetization,susceptibility
8,2,0.1762747174039086,-69.794,0.015642017957863474,35.849,0.022811598253249576
