L,q,Beta,energy,specific_heat,mean_cluster_size
8,2,0.1762747174039086,-70.874,0.01568792798439709,1.498
