L,q,Beta,energy,specific_heat,mean_magnetization,susceptibility
8,2,0.7050988696156344,-94.474,0.6410571902707791,45.561,0.720283603442431
