L,q,Beta,energy,specific_heat,mean_magnetization,susceptibility
8,2,0.5288241522117257,-82.624,0.17794194940045555,38.53,0.19066672179219818
