L,q,Beta,energy,specific_heat,mean_magnetization,susceptibility
64,2,0.0881373587019543,-4281.238,0.0038904984692594603,2076.497,0.009814275448262598
