L,q,Beta,energy,specific_heat,mean_cluster_size
64,2,0.1762747174039086,-4459.822,0.001680026072019312,1.477
