L,q,Beta,energy,specific_heat,mean_magnetization,susceptibility
64,2,0.7932362283175887,-6339.106,0.7353322103267035,2265.915,4.583814656288059
