L,q,Beta,energy,specific_heat,mean_magnetization,susceptibility
64,2,0.1762747174039086,-4464.52,0.01696307751481216,2079.297,0.024141493519911024
