L,q,Beta,energy,specific_heat,mean_cluster_size
64,2,0.0881373587019543,-4215.534,0.00039466606229820783,1.21
