L,q,Beta,energy,specific_heat,mean_cluster_size
64,2,0.7050988696156344,-5976.146,0.3244345785359,17.896
