L,q,Beta,energy,specific_heat,mean_cluster_size
32,2,0.61696151091368,-1410.224,0.27432276645539067,8.623
