L,q,Beta,energy,specific_heat,mean_magnetization,susceptibility
32,2,0.0881373587019543,-1068.764,0.00429872666035852,525.515,0.0090497249391967
