L,q,Beta,energy,specific_heat,mean_cluster_size
32,2,0.3525494348078172,-1211.402,0.025111463435507516,2.461
