L,q,Beta,energy,specific_heat,mean_cluster_size
32,2,0.8813735870195429,-1753.964,1.7201320620725913,456.089
