L,q,Beta,energy,specific_heat,mean_magnetization,susceptibility
32,2,0.44068679350977147,-1269.162,0.12869214925917868,534.849,0.1306706056480706
