L,q,Beta,energy,specific_heat,mean_magnetization,susceptibility
32,2,0.26441207610586287,-1163.84,0.038462828876286964,529.086,0.04013656639709782
