L,q,Beta,energy,specific_heat,mean_magnetization,susceptibility
32,2,0.3525494348078172,-1213.938,0.07937057009501344,532.34,0.08670939577635081
