L,q,Beta,energy,specific_heat,mean_cluster_size
32,2,0.44068679350977147,-1280.688,0.06071455355456937,3.511
