L,q,Beta,energy,specific_heat,mean_cluster_size
32,2,0.7932362283175887,-1566.69,0.8912068447287183,49.305
