L,q,Beta,energy,specific_heat,mean_cluster_size
64,2,0.7932362283175887,-6320.412,0.5292960838890474,52.256
