L,q,Beta,energy,specific_heat,mean_magnetization,susceptibility
64,2,0.61696151091368,-5595.162,0.31466764921129575,2115.987,0.3745716774800751
