L,q,Beta,energy,specific_heat,mean_magnetization,susceptibility
64,2,0.8813735870195429,-6885.584,1.2893569018249342,2633.204,27.015677357210645
