L,q,Beta,energy,specific_heat,mean_magnetization,susceptibility
64,2,0.44068679350977147,-5078.146,0.12991236165911524,2091.394,0.12904664554979947
