L,q,Beta,energy,specific_heat,mean_magnetization,susceptibility
64,2,0.7050988696156344,-5913.066,0.4843997734459176,2130.576,0.7145578370544957
