L,q,Beta,energy,specific_heat,mean_cluster_size
64,2,0.61696151091368,-5633.312,0.20540280430933067,8.042
