L,q,Beta,energy,specific_heat,mean_cluster_size
64,2,0.44068679350977147,-5083.988,0.09823161315619981,3.397
