L,q,Beta,energy,specific_heat,mean_cluster_size
64,2,0.8813735870195429,-7036.288,2.1824158911045446,1702.501
