L,q,Beta,energy,specific_heat,mean_magnetization,susceptibility
64,2,0.3525494348078172,-4856.306,0.06995278007317697,2089.146,0.08175882052534562
