L,q,Beta,energy,specific_heat,mean_magnetization,susceptibility
64,2,0.5288241522117257,-5321.468,0.19463256175904461,2110.137,0.27283894978086876
