L,q,Beta,energy,specific_heat,mean_cluster_size
64,2,0.5288241522117257,-5325.14,0.04898744210298339,4.932
