L,q,Beta,energy,specific_heat,mean_cluster_size
64,2,0.3525494348078172,-4807.556,0.018938701120193153,2.347
