L,q,Beta,energy,specific_heat,mean_magnetization,susceptibility
64,2,0.26441207610586287,-4653.296,0.0376822866907465,2082.304,0.039908896238106555
