L,q,Beta,energy,specific_heat,mean_cluster_size
64,2,0.26441207610586287,-4655.266,0.011211892045756504,1.893
